{"count":1,"self":3931.9633919999997,"total":13326.646983499999,"children":{"InitializeActuators":{"count":2,"self":0,"total":0,"children":null},"InitializeSensors":{"count":2,"self":0.0030001999999999997,"total":0.0030001999999999997,"children":null},"AgentSendState":{"count":280886,"self":0.95019389999999992,"total":206.5776333,"children":{"CollectObservations":{"count":112820,"self":1.4463773,"total":1.4463773,"children":null},"WriteActionMask":{"count":112820,"self":0.1348471,"total":0.1348471,"children":null},"RequestDecision":{"count":112820,"self":0.313196,"total":204.046215,"children":{"AgentInfo.ToProto":{"count":112820,"self":0.73435109999999992,"total":203.73301899999998,"children":{"GenerateSensorData":{"count":112820,"self":5.1622256,"total":202.9986679,"children":{"CameraSensor.GetCompressedObservation":{"count":112820,"self":197.8364416,"total":197.83644239999998,"children":null}}}}}}}}},"DecideAction":{"count":280886,"self":9182.0531712,"total":9182.0532638,"children":null},"AgentAct":{"count":280886,"self":5.855496,"total":6.0477593999999995,"children":{"AgentInfo.ToProto":{"count":128,"self":0,"total":0.1922633,"children":{"GenerateSensorData":{"count":128,"self":0.0019979999999999998,"total":0.1922633,"children":{"CameraSensor.GetCompressedObservation":{"count":128,"self":0.1902653,"total":0.1902653,"children":null}}}}}}}},"gauges":{"Seeker.CumulativeReward":{"count":64,"max":-0.02,"min":-44.4085541,"runningAverage":-8.133203,"value":-22.430418,"weightedAverage":-20.6062717},"Hider.CumulativeReward":{"count":64,"max":43.3985558,"min":-1,"runningAverage":7.105079,"value":21.4204178,"weightedAverage":19.5951443}},"metadata":{"timer_format_version":"0.1.0","start_time_seconds":"1663704848","unity_version":"2021.3.2f1","command_line_arguments":"D:\/Unity Projects\/Hide and Seek\/Env\/Hide and Seek.exe --mlagents-port 5005","communication_protocol_version":"1.5.0","com.unity.ml-agents_version":"2.2.1-exp.1","scene_name":"HideAndSeek","end_time_seconds":"1663718175"}}