{"count":1,"self":25.9560832,"total":173.0282983,"children":{"InitializeActuators":{"count":2,"self":0.0009999,"total":0.0009999,"children":null},"InitializeSensors":{"count":2,"self":0.0019998999999999998,"total":0.0019998999999999998,"children":null},"AgentSendState":{"count":1853,"self":0.0082303999999999988,"total":1.1610585,"children":{"CollectObservations":{"count":774,"self":0.0165232,"total":0.0165232,"children":null},"WriteActionMask":{"count":774,"self":0.0020063999999999998,"total":0.0020063999999999998,"children":null},"RequestDecision":{"count":774,"self":0.004,"total":1.1342984999999999,"children":{"AgentInfo.ToProto":{"count":774,"self":0.0078751,"total":1.1302984999999999,"children":{"GenerateSensorData":{"count":774,"self":0.0262562,"total":1.1224234,"children":{"CameraSensor.GetCompressedObservation":{"count":774,"self":1.0961672,"total":1.0961672,"children":null}}}}}}}}},"DecideAction":{"count":1853,"self":145.8032512,"total":145.8032499,"children":null},"AgentAct":{"count":1853,"self":0.0725522,"total":0.10370199999999999,"children":{"AgentInfo.ToProto":{"count":24,"self":0,"total":0.0311498,"children":{"GenerateSensorData":{"count":24,"self":0.0011244999999999998,"total":0.0311498,"children":{"CameraSensor.GetCompressedObservation":{"count":24,"self":0.030025299999999998,"total":0.030025299999999998,"children":null}}}}}}}},"gauges":{"Seeker.CumulativeReward":{"count":12,"max":0.98,"min":-0.0299993847,"runningAverage":0.6733334,"value":0.98,"weightedAverage":0.7006391},"Hider.CumulativeReward":{"count":12,"max":0.0199993849,"min":-1,"runningAverage":-0.689166844,"value":-1,"weightedAverage":-0.7171128}},"metadata":{"timer_format_version":"0.1.0","start_time_seconds":"1664394763","unity_version":"2021.3.8f1","command_line_arguments":"D:\/Unity Projects\/Hide and Seek\/Env\/Hide and Seek.exe --mlagents-port 5005","communication_protocol_version":"1.5.0","com.unity.ml-agents_version":"2.2.1-exp.1","scene_name":"HideAndSeek","end_time_seconds":"1664394936"}}