{"count":1,"self":9.9210751999999989,"total":10.558660699999999,"children":{"InitializeActuators":{"count":6,"self":0.0010049,"total":0.0010049,"children":null},"InitializeSensors":{"count":6,"self":0.0040013,"total":0.0040013,"children":null},"AgentSendState":{"count":509,"self":0.0020172,"total":0.2089063,"children":{"CollectObservations":{"count":204,"self":0.00099899999999999989,"total":0.00099899999999999989,"children":null},"WriteActionMask":{"count":204,"self":0.0019990999999999997,"total":0.0019990999999999997,"children":null},"RequestDecision":{"count":204,"self":0.0039999,"total":0.203891,"children":{"CameraSensor.GetCompressedObservation":{"count":102,"self":0.1998911,"total":0.1998911,"children":null}}}}},"DecideAction":{"count":509,"self":0.0060158,"total":0.0060158,"children":null},"AgentAct":{"count":509,"self":0.41265959999999996,"total":0.41265959999999996,"children":null},"CameraSensor.GetCompressedObservation":{"count":2,"self":0.0029988999999999997,"total":0.0029988999999999997,"children":null}},"gauges":{"Hider.CumulativeReward":{"count":2,"max":-0.8469999,"min":-0.8699999,"runningAverage":-0.8584999,"value":-0.8699999,"weightedAverage":-0.8527499}},"metadata":{"timer_format_version":"0.1.0","start_time_seconds":"1662431764","unity_version":"2021.3.2f1","command_line_arguments":"D:\\Unity Projects\\Hide and Seek\\Env\\Hide and Seek.exe","communication_protocol_version":"1.5.0","com.unity.ml-agents_version":"2.2.1-exp.1","scene_name":"HideAndSeek","end_time_seconds":"1662431774"}}